{
  "name": "RoebuckAdvancedStart",
  "version": "1.1.0",
  "factorio_version": "1.1",
  "dependencies": ["base >= 1.0", "BuggisNuclearBots >= 0.1.0", "Power Armor MK3 >= 0.4.1", "Personal-Roboport-Mk3 >= 4.1.0", "ev-personal-defence >= 2.0.0", "more-fusion-reactors >= 4.0.1", "? some-spidertron >= 1.1.1", "? spidertron-extended >= 0.3.9", "? Spidertron-Inventory-Sorter >= 0.1.0"],
  "title": "Roebuck's Advanced Start",
  "author": "Roebuck",
  "homepage": "",
  "description": "Add a whole ton of additional items to the start game which really help speed up the early to mid game."
}